Date,Time,Blood Pressure,Heart Rate (HR),Respiratory Rate (RR),Body Temperature,Patient_ID
03-03-2025,8.57.33,98/61,98,14,36.9,P12345
03-03-2025,8.47.33,104/77,88,14,37.2,P12345
03-03-2025,8.37.33,92/76,74,17,36.9,P12345
03-03-2025,8.27.33,125/89,67,17,36.4,P12345
03-03-2025,8.17.33,93/73,80,15,36.4,P12345
03-03-2025,8.07.33,130/68,98,18,36.5,P12345
03-03-2025,7.57.33,114/85,78,18,36.2,P12345
03-03-2025,7.47.33,139/69,82,12,36.3,P12345
03-03-2025,7.37.33,110/63,70,15,37.2,P12345
03-03-2025,7.27.33,101/86,70,12,36.6,P12345
03-03-2025,7.17.33,129/61,83,19,36.7,P12345
03-03-2025,7.07.33,102/80,95,15,36.9,P12345
03-03-2025,6.57.33,121/75,99,13,36.9,P12345
03-03-2025,6.47.33,121/87,83,13,36.1,P12345
03-03-2025,6.37.33,123/70,62,16,37.2,P12345
03-03-2025,6.27.33,99/74,81,15,36.3,P12345
03-03-2025,6.17.33,106/67,61,18,37.1,P12345
03-03-2025,6.07.33,107/82,83,17,37.2,P12345
03-03-2025,5.57.33,98/84,89,14,37.1,P12345
03-03-2025,5.47.33,129/86,97,16,36.9,P12345
03-03-2025,5.37.33,103/87,61,17,36,P12345
03-03-2025,5.27.33,114/77,80,13,36.5,P12345
03-03-2025,5.17.33,111/79,92,15,36.9,P12345
03-03-2025,5.07.33,119/79,71,16,36.6,P12345
03-03-2025,4.57.33,110/71,81,15,37.3,P12345
03-03-2025,4.47.33,121/78,84,13,36.5,P12345
03-03-2025,4.37.33,135/76,86,16,36.4,P12345
03-03-2025,4.27.33,110/62,87,13,36.4,P12345
03-03-2025,4.17.33,121/89,75,12,36.5,P12345
03-03-2025,4.07.33,128/76,74,13,36.8,P12345
03-03-2025,3.57.33,101/68,62,18,37.1,P12345
03-03-2025,3.47.33,136/77,96,18,37,P12345
03-03-2025,3.37.33,110/72,66,15,37.2,P12345
03-03-2025,3.27.33,110/89,80,14,37.3,P12345
03-03-2025,3.17.33,97/73,68,13,37.2,P12345
03-03-2025,3.07.33,129/73,98,17,36,P12345
03-03-2025,2.57.33,96/82,77,18,37.1,P12345
03-03-2025,2.47.33,133/70,63,19,36.3,P12345
03-03-2025,2.37.33,111/81,84,14,36.2,P12345
03-03-2025,2.27.33,132/84,73,12,37,P12345
03-03-2025,2.17.33,111/87,68,16,36.5,P12345
03-03-2025,2.07.33,118/72,85,16,36.1,P12345
03-03-2025,1.57.33,107/61,61,18,36.2,P12345
03-03-2025,1.47.33,118/80,79,14,36,P12345
03-03-2025,1.37.33,104/79,87,18,37.4,P12345
03-03-2025,1.27.33,116/77,66,16,36,P12345
03-03-2025,1.17.33,120/74,67,19,36.3,P12345
03-03-2025,1.07.33,112/83,94,13,36.6,P12345
03-03-2025,0.57.33,133/72,73,14,36.5,P12345
03-03-2025,0.47.33,111/70,76,15,37.4,P12345
03-03-2025,0.37.33,126/88,95,13,36.1,P12345
03-03-2025,0.27.33,122/83,99,13,36.8,P12345
03-03-2025,0.17.33,92/81,63,13,37,P12345
03-03-2025,0.07.33,108/82,61,15,37.4,P12345
02-03-2025,23.57.33,118/89,65,19,36.9,P12345
02-03-2025,23.47.33,128/71,63,12,37.2,P12345
02-03-2025,23.37.33,136/84,88,19,36.1,P12345
02-03-2025,23.27.33,126/74,77,19,36.6,P12345
02-03-2025,23.17.33,97/69,85,19,36.6,P12345
02-03-2025,23.07.33,105/67,93,17,37.3,P12345
02-03-2025,22.57.33,90/71,69,18,36.2,P12345
02-03-2025,22.47.33,94/62,95,16,36.2,P12345
02-03-2025,22.37.33,90/63,73,18,36.5,P12345
02-03-2025,22.27.33,129/62,90,14,36.1,P12345
02-03-2025,22.17.33,121/69,74,19,36.3,P12345
02-03-2025,22.07.33,123/70,67,12,37.4,P12345
02-03-2025,21.57.33,114/69,73,14,36.6,P12345
02-03-2025,21.47.33,110/73,82,18,36.9,P12345
02-03-2025,21.37.33,128/86,99,16,37.1,P12345
02-03-2025,21.27.33,116/61,80,15,36.6,P12345
02-03-2025,21.17.33,130/75,75,18,36.2,P12345
02-03-2025,21.07.33,102/68,77,13,36.3,P12345
02-03-2025,20.57.33,125/81,83,18,36.5,P12345
02-03-2025,20.47.33,131/85,85,13,37,P12345
02-03-2025,20.37.33,101/76,84,15,36.6,P12345
02-03-2025,20.27.33,103/73,88,18,36,P12345
02-03-2025,20.17.33,123/80,74,12,36.8,P12345
02-03-2025,20.07.33,109/70,60,12,37.4,P12345
02-03-2025,19.57.33,105/78,84,14,37.2,P12345
02-03-2025,19.47.33,120/82,66,15,37.2,P12345
02-03-2025,19.37.33,95/83,68,19,37.2,P12345
02-03-2025,19.27.33,108/64,83,12,36.5,P12345
02-03-2025,19.17.33,93/74,60,18,37.1,P12345
02-03-2025,19.07.33,93/79,67,15,36.2,P12345
02-03-2025,18.57.33,99/83,83,16,37,P12345
02-03-2025,18.47.33,124/85,70,13,37,P12345
02-03-2025,18.37.33,126/65,76,18,36,P12345
02-03-2025,18.27.33,110/81,67,13,37.2,P12345
02-03-2025,18.17.33,129/66,94,13,37.4,P12345
02-03-2025,18.07.33,110/69,94,19,36.4,P12345
02-03-2025,17.57.33,127/73,92,15,37.2,P12345
02-03-2025,17.47.33,93/87,64,15,36.1,P12345
02-03-2025,17.37.33,134/79,98,14,36.9,P12345
02-03-2025,17.27.33,106/82,87,13,36.7,P12345
02-03-2025,17.17.33,96/63,66,14,36.8,P12345
02-03-2025,17.07.33,118/73,68,19,37.4,P12345
02-03-2025,16.57.33,92/83,67,13,37.3,P12345
02-03-2025,16.47.33,126/75,71,14,37.2,P12345
02-03-2025,16.37.33,93/83,93,14,36.4,P12345
02-03-2025,16.27.33,113/61,92,16,37.4,P12345
02-03-2025,16.17.33,119/77,82,14,36.1,P12345
02-03-2025,16.07.33,108/87,83,15,37.3,P12345
02-03-2025,15.57.33,108/76,96,14,36.5,P12345
02-03-2025,15.47.33,135/78,94,13,36.1,P12345
02-03-2025,15.37.33,111/83,99,14,37,P12345
02-03-2025,15.27.33,134/71,81,12,36.3,P12345
02-03-2025,15.17.33,119/85,86,17,36.4,P12345
02-03-2025,15.07.33,127/80,94,13,36.5,P12345
02-03-2025,14.57.33,120/63,60,12,36.1,P12345
02-03-2025,14.47.33,108/75,94,19,36.3,P12345
02-03-2025,14.37.33,134/63,96,13,36,P12345
02-03-2025,14.27.33,119/82,73,15,36.7,P12345
02-03-2025,14.17.33,138/82,62,17,36.1,P12345
02-03-2025,14.07.33,122/77,60,17,37,P12345
02-03-2025,13.57.33,138/86,64,15,36.4,P12345
02-03-2025,13.47.33,117/86,85,17,37.4,P12345
02-03-2025,13.37.33,136/70,73,15,37.3,P12345
02-03-2025,13.27.33,134/60,98,12,36.4,P12345
02-03-2025,13.17.33,106/65,86,19,37.2,P12345
02-03-2025,13.07.33,93/79,68,16,37.2,P12345
02-03-2025,12.57.33,137/74,74,13,37.5,P12345
02-03-2025,12.47.33,116/74,74,15,36.9,P12345
02-03-2025,12.37.33,95/74,85,13,36.1,P12345
02-03-2025,12.27.33,103/87,72,19,37,P12345
02-03-2025,12.17.33,100/66,91,12,36.9,P12345
02-03-2025,12.07.33,98/85,98,16,37,P12345
02-03-2025,11.57.33,105/64,91,19,36.5,P12345
02-03-2025,11.47.33,99/77,63,12,37.3,P12345
02-03-2025,11.37.33,92/72,89,17,37.4,P12345
02-03-2025,11.27.33,132/76,96,13,36.3,P12345
02-03-2025,11.17.33,119/89,82,18,36.1,P12345
02-03-2025,11.07.33,134/65,98,16,36.3,P12345
02-03-2025,10.57.33,106/86,74,17,37.2,P12345
02-03-2025,10.47.33,134/78,88,19,37,P12345
02-03-2025,10.37.33,108/69,95,16,37,P12345
02-03-2025,10.27.33,124/73,72,17,36.6,P12345
02-03-2025,10.17.33,115/78,91,12,36.9,P12345
02-03-2025,10.07.33,94/88,66,15,36.5,P12345
02-03-2025,9.57.33,126/79,81,13,36.7,P12345
02-03-2025,9.47.33,138/80,87,14,37.2,P12345
02-03-2025,9.37.33,99/64,61,14,37.5,P12345
02-03-2025,9.27.33,125/65,65,12,37.4,P12345
02-03-2025,9.17.33,115/63,87,19,37.4,P12345
02-03-2025,9.07.33,128/66,87,13,36.6,P12345
02-03-2025,8.57.33,139/62,79,19,36.7,P12345
02-03-2025,8.47.33,90/83,89,13,37.1,P12345
02-03-2025,8.37.33,125/65,70,12,37.4,P12345
02-03-2025,8.27.33,130/81,87,13,36.2,P12345
02-03-2025,8.17.33,135/87,84,15,36.5,P12345
02-03-2025,8.07.33,133/87,98,19,36.2,P12345
02-03-2025,7.57.33,120/79,92,12,36.9,P12345
02-03-2025,7.47.33,113/84,60,15,36.5,P12345
02-03-2025,7.37.33,125/80,86,13,36.5,P12345
02-03-2025,7.27.33,119/83,72,12,36.1,P12345
02-03-2025,7.17.33,133/69,62,13,36.5,P12345
02-03-2025,7.07.33,119/81,98,19,37.3,P12345
02-03-2025,6.57.33,117/66,65,12,36.3,P12345
02-03-2025,6.47.33,124/82,67,13,37,P12345
02-03-2025,6.37.33,117/73,86,19,36.9,P12345
02-03-2025,6.27.33,99/75,68,15,37.3,P12345
02-03-2025,6.17.33,105/81,96,18,36.2,P12345
02-03-2025,6.07.33,120/69,92,15,37.5,P12345
02-03-2025,5.57.33,114/72,83,13,36.9,P12345
02-03-2025,5.47.33,95/71,74,12,37.5,P12345
02-03-2025,5.37.33,98/72,91,14,37.4,P12345
02-03-2025,5.27.33,125/83,91,15,36.3,P12345
02-03-2025,5.17.33,132/79,83,15,36.1,P12345
02-03-2025,5.07.33,107/85,71,19,36.4,P12345
02-03-2025,4.57.33,132/84,98,17,36.8,P12345
02-03-2025,4.47.33,110/63,61,14,36.3,P12345
02-03-2025,4.37.33,139/60,62,13,36.3,P12345
02-03-2025,4.27.33,116/66,96,18,36.7,P12345
02-03-2025,4.17.33,95/74,76,12,36,P12345
02-03-2025,4.07.33,107/83,61,17,36.2,P12345
02-03-2025,3.57.33,100/79,61,13,36.6,P12345
02-03-2025,3.47.33,113/74,87,16,36.1,P12345
02-03-2025,3.37.33,137/66,82,18,36.6,P12345
02-03-2025,3.27.33,110/69,96,15,36.7,P12345
02-03-2025,3.17.33,115/71,91,16,36.7,P12345
02-03-2025,3.07.33,103/84,92,15,37.3,P12345
02-03-2025,2.57.33,126/85,60,15,36.8,P12345
02-03-2025,2.47.33,110/77,78,16,36.7,P12345
02-03-2025,2.37.33,94/62,61,18,36.6,P12345
02-03-2025,2.27.33,112/85,85,19,37.2,P12345
02-03-2025,2.17.33,126/83,91,16,37.3,P12345
02-03-2025,2.07.33,138/78,65,13,37.3,P12345
02-03-2025,1.57.33,114/80,91,17,37,P12345
02-03-2025,1.47.33,101/84,63,17,36.2,P12345
02-03-2025,1.37.33,130/60,70,16,36.4,P12345
02-03-2025,1.27.33,139/80,76,13,36.1,P12345
02-03-2025,1.17.33,93/69,97,19,37.4,P12345
02-03-2025,1.07.33,96/81,83,17,37,P12345
02-03-2025,0.57.33,122/76,64,13,37.1,P12345
02-03-2025,0.47.33,113/88,93,19,36.5,P12345
02-03-2025,0.37.33,123/87,65,13,37.3,P12345
02-03-2025,0.27.33,132/68,81,15,36.4,P12345
02-03-2025,0.17.33,128/81,70,17,36,P12345
02-03-2025,0.07.33,138/76,75,19,36.6,P12345
01-03-2025,23.57.33,123/65,92,17,36.9,P12345
01-03-2025,23.47.33,135/65,68,15,36.7,P12345
01-03-2025,23.37.33,123/60,65,16,37.3,P12345
01-03-2025,23.27.33,99/80,75,15,36.2,P12345
01-03-2025,23.17.33,94/61,88,17,36.8,P12345
01-03-2025,23.07.33,111/75,62,17,36.8,P12345
01-03-2025,22.57.33,91/69,79,18,36.4,P12345
01-03-2025,22.47.33,123/75,95,19,37.2,P12345
01-03-2025,22.37.33,137/78,78,16,37.1,P12345
01-03-2025,22.27.33,128/81,85,15,37.1,P12345
01-03-2025,22.17.33,101/83,62,19,37.3,P12345
01-03-2025,22.07.33,136/67,78,12,37.1,P12345
01-03-2025,21.57.33,127/87,79,19,36.3,P12345
01-03-2025,21.47.33,99/62,91,12,37.1,P12345
01-03-2025,21.37.33,138/66,66,16,36.5,P12345
01-03-2025,21.27.33,110/79,92,15,36.4,P12345
01-03-2025,21.17.33,115/63,99,15,36.1,P12345
01-03-2025,21.07.33,135/79,98,13,37.1,P12345
01-03-2025,20.57.33,111/74,77,17,37.1,P12345
01-03-2025,20.47.33,129/80,99,14,36.4,P12345
01-03-2025,20.37.33,104/81,60,18,37.1,P12345
01-03-2025,20.27.33,117/73,70,19,37.4,P12345
01-03-2025,20.17.33,116/88,87,16,36.2,P12345
01-03-2025,20.07.33,130/67,84,14,36.3,P12345
01-03-2025,19.57.33,117/85,82,19,37.1,P12345
01-03-2025,19.47.33,138/61,90,14,36.4,P12345
01-03-2025,19.37.33,114/83,89,16,36.9,P12345
01-03-2025,19.27.33,92/67,94,15,36.1,P12345
01-03-2025,19.17.33,133/60,66,16,36.7,P12345
01-03-2025,19.07.33,131/79,75,19,37.1,P12345
01-03-2025,18.57.33,124/65,85,14,37,P12345
01-03-2025,18.47.33,128/79,61,17,37.2,P12345
01-03-2025,18.37.33,112/84,60,18,37.3,P12345
01-03-2025,18.27.33,139/70,71,18,37.2,P12345
01-03-2025,18.17.33,108/64,64,17,37,P12345
01-03-2025,18.07.33,100/83,96,17,36,P12345
01-03-2025,17.57.33,101/69,91,15,36.8,P12345
01-03-2025,17.47.33,97/83,68,19,36.1,P12345
01-03-2025,17.37.33,117/68,94,12,37.2,P12345
01-03-2025,17.27.33,125/64,78,16,36.5,P12345
01-03-2025,17.17.33,110/67,75,18,36.8,P12345
01-03-2025,17.07.33,98/74,62,17,36.4,P12345
01-03-2025,16.57.33,104/75,79,16,37.2,P12345
01-03-2025,16.47.33,135/67,83,18,37.3,P12345
01-03-2025,16.37.33,107/69,92,17,36.6,P12345
01-03-2025,16.27.33,109/65,83,19,37.3,P12345
01-03-2025,16.17.33,101/61,70,18,36.4,P12345
01-03-2025,16.07.33,96/75,67,15,36.8,P12345
01-03-2025,15.57.33,92/72,95,12,37.3,P12345
01-03-2025,15.47.33,92/86,97,12,36.5,P12345
01-03-2025,15.37.33,139/70,99,17,37.4,P12345
01-03-2025,15.27.33,129/65,79,18,36.2,P12345
01-03-2025,15.17.33,122/87,94,15,36,P12345
01-03-2025,15.07.33,90/82,84,13,37.4,P12345
01-03-2025,14.57.33,97/64,94,16,36.1,P12345
01-03-2025,14.47.33,121/87,84,16,37.5,P12345
01-03-2025,14.37.33,137/70,88,14,37.4,P12345
01-03-2025,14.27.33,126/63,77,15,36.2,P12345
01-03-2025,14.17.33,119/65,77,18,36.8,P12345
01-03-2025,14.07.33,135/81,61,19,36.3,P12345
01-03-2025,13.57.33,108/68,94,19,36.6,P12345
01-03-2025,13.47.33,101/70,75,14,36.1,P12345
01-03-2025,13.37.33,135/82,95,17,36.3,P12345
01-03-2025,13.27.33,105/60,92,18,36.5,P12345
01-03-2025,13.17.33,134/82,63,14,36.7,P12345
01-03-2025,13.07.33,110/89,92,12,37.5,P12345
01-03-2025,12.57.33,102/61,73,16,37.2,P12345
01-03-2025,12.47.33,93/87,80,18,37.1,P12345
01-03-2025,12.37.33,127/85,79,14,36.8,P12345
01-03-2025,12.27.33,120/86,67,12,37.3,P12345
01-03-2025,12.17.33,116/64,66,15,36.5,P12345
01-03-2025,12.07.33,114/62,62,14,37.1,P12345
01-03-2025,11.57.33,122/63,76,17,37.5,P12345
01-03-2025,11.47.33,114/79,92,17,36.5,P12345
01-03-2025,11.37.33,123/85,71,17,37,P12345
01-03-2025,11.27.33,94/62,81,18,37.3,P12345
01-03-2025,11.17.33,117/88,81,19,37.4,P12345
01-03-2025,11.07.33,98/79,89,19,37.1,P12345
01-03-2025,10.57.33,127/77,97,16,36.4,P12345
01-03-2025,10.47.33,95/78,97,14,36.5,P12345
01-03-2025,10.37.33,133/84,67,15,36,P12345
01-03-2025,10.27.33,100/61,86,14,37.1,P12345
01-03-2025,10.17.33,136/71,86,16,36.1,P12345
01-03-2025,10.07.33,133/68,93,12,37.3,P12345
01-03-2025,9.57.33,110/83,80,16,36.2,P12345
01-03-2025,9.47.33,123/81,89,17,36.3,P12345
01-03-2025,9.37.33,92/71,92,18,36.7,P12345
01-03-2025,9.27.33,117/89,87,12,37.1,P12345
01-03-2025,9.17.33,115/75,92,18,36.2,P12345
01-03-2025,9.07.33,110/87,64,17,36.7,P12345
01-03-2025,8.57.33,115/89,78,13,36.7,P12345
01-03-2025,8.47.33,122/80,63,16,36.3,P12345
01-03-2025,8.37.33,124/79,94,16,36.2,P12345
01-03-2025,8.27.33,123/68,76,15,37.3,P12345
01-03-2025,8.17.33,136/77,87,14,36.8,P12345
01-03-2025,8.07.33,100/84,89,12,36,P12345
01-03-2025,7.57.33,112/75,88,19,37.2,P12345
01-03-2025,7.47.33,111/76,65,18,37.5,P12345
01-03-2025,7.37.33,94/71,94,12,36.9,P12345
01-03-2025,7.27.33,100/89,96,15,36.8,P12345
01-03-2025,7.17.33,104/86,83,15,37.3,P12345
01-03-2025,7.07.33,124/60,88,18,37.4,P12345
01-03-2025,6.57.33,109/88,90,19,37.1,P12345
01-03-2025,6.47.33,105/61,94,14,36.7,P12345
01-03-2025,6.37.33,91/62,92,18,36.9,P12345
01-03-2025,6.27.33,129/83,80,18,37.1,P12345
01-03-2025,6.17.33,117/74,91,17,36.3,P12345
01-03-2025,6.07.33,128/65,82,19,36.7,P12345
01-03-2025,5.57.33,98/79,92,14,37.2,P12345
01-03-2025,5.47.33,90/67,62,16,37,P12345
01-03-2025,5.37.33,112/62,77,17,36.6,P12345
01-03-2025,5.27.33,93/85,84,13,37,P12345
01-03-2025,5.17.33,114/74,90,19,36.2,P12345
01-03-2025,5.07.33,127/74,62,14,36.6,P12345
01-03-2025,4.57.33,110/62,99,15,37.2,P12345
01-03-2025,4.47.33,135/79,83,17,36.3,P12345
01-03-2025,4.37.33,103/63,91,14,36.3,P12345
01-03-2025,4.27.33,101/76,81,12,37.4,P12345
01-03-2025,4.17.33,128/68,82,18,36.3,P12345
01-03-2025,4.07.33,124/87,61,13,36.4,P12345
01-03-2025,3.57.33,102/74,86,16,37.5,P12345
01-03-2025,3.47.33,107/78,61,18,37.1,P12345
01-03-2025,3.37.33,122/65,85,12,37,P12345
01-03-2025,3.27.33,116/82,76,12,37.3,P12345
01-03-2025,3.17.33,116/61,99,13,36.2,P12345
01-03-2025,3.07.33,135/65,92,16,37.1,P12345
01-03-2025,2.57.33,103/63,68,15,36.8,P12345
01-03-2025,2.47.33,97/89,98,17,37.2,P12345
01-03-2025,2.37.33,124/78,88,19,36.8,P12345
01-03-2025,2.27.33,119/73,85,16,36.9,P12345
01-03-2025,2.17.33,109/76,94,19,36.7,P12345
01-03-2025,2.07.33,114/67,84,14,36.7,P12345
01-03-2025,1.57.33,113/73,83,12,37.2,P12345
01-03-2025,1.47.33,115/65,72,14,36.9,P12345
01-03-2025,1.37.33,112/81,66,15,36.9,P12345
01-03-2025,1.27.33,137/84,95,14,36.7,P12345
01-03-2025,1.17.33,108/73,79,16,36.8,P12345
01-03-2025,1.07.33,92/69,60,14,37.1,P12345
01-03-2025,0.57.33,108/68,67,15,37.2,P12345
01-03-2025,0.47.33,117/79,75,15,37,P12345
01-03-2025,0.37.33,134/66,73,15,37.4,P12345
01-03-2025,0.27.33,103/68,71,16,37.2,P12345
01-03-2025,0.17.33,108/74,82,15,36.8,P12345
01-03-2025,0.07.33,103/83,74,12,37,P12345
28-02-2025,23.57.33,127/80,87,18,37.4,P12345
28-02-2025,23.47.33,125/67,93,15,36.9,P12345
28-02-2025,23.37.33,106/89,61,14,37.2,P12345
28-02-2025,23.27.33,98/60,91,17,37,P12345
28-02-2025,23.17.33,114/73,82,14,36.8,P12345
28-02-2025,23.07.33,100/80,81,17,36.4,P12345
28-02-2025,22.57.33,124/68,84,14,36.6,P12345
28-02-2025,22.47.33,103/89,81,16,37.5,P12345
28-02-2025,22.37.33,130/63,81,14,37,P12345
28-02-2025,22.27.33,93/87,65,16,36.8,P12345
28-02-2025,22.17.33,97/61,74,16,37.4,P12345
28-02-2025,22.07.33,130/88,96,15,36.9,P12345
28-02-2025,21.57.33,135/81,92,12,36.8,P12345
28-02-2025,21.47.33,130/83,67,17,37.1,P12345
28-02-2025,21.37.33,105/88,64,15,37.1,P12345
28-02-2025,21.27.33,138/75,98,15,36.3,P12345
28-02-2025,21.17.33,119/71,63,18,36.7,P12345
28-02-2025,21.07.33,124/70,65,16,36.7,P12345
28-02-2025,20.57.33,135/77,91,16,36.6,P12345
28-02-2025,20.47.33,110/80,89,17,36.8,P12345
28-02-2025,20.37.33,94/75,94,14,36.6,P12345
28-02-2025,20.27.33,109/64,99,14,36.3,P12345
28-02-2025,20.17.33,92/71,75,19,36.6,P12345
28-02-2025,20.07.33,122/80,72,15,36.1,P12345
28-02-2025,19.57.33,98/88,89,19,36.9,P12345
28-02-2025,19.47.33,98/63,78,13,37.3,P12345
28-02-2025,19.37.33,124/76,76,13,37.1,P12345
28-02-2025,19.27.33,123/83,78,19,36.5,P12345
28-02-2025,19.17.33,121/60,87,14,36.1,P12345
28-02-2025,19.07.33,97/72,85,13,36.3,P12345
28-02-2025,18.57.33,112/74,96,18,36.8,P12345
28-02-2025,18.47.33,129/71,85,14,36.3,P12345
28-02-2025,18.37.33,101/73,82,16,36.8,P12345
28-02-2025,18.27.33,136/74,68,15,36.3,P12345
28-02-2025,18.17.33,130/78,71,12,37.3,P12345
28-02-2025,18.07.33,115/79,60,15,36.6,P12345
28-02-2025,17.57.33,118/81,60,19,36.4,P12345
28-02-2025,17.47.33,129/80,93,14,37.2,P12345
28-02-2025,17.37.33,127/79,91,19,36.5,P12345
28-02-2025,17.27.33,118/78,84,18,36.2,P12345
28-02-2025,17.17.33,93/82,99,14,36.9,P12345
28-02-2025,17.07.33,96/87,60,15,36.9,P12345
28-02-2025,16.57.33,117/63,75,18,37.1,P12345
28-02-2025,16.47.33,111/71,98,18,36.4,P12345
28-02-2025,16.37.33,134/62,64,18,36.7,P12345
28-02-2025,16.27.33,111/71,81,17,36.4,P12345
28-02-2025,16.17.33,91/83,88,14,36.1,P12345
28-02-2025,16.07.33,123/86,62,13,37.3,P12345
28-02-2025,15.57.33,130/60,71,13,37.1,P12345
28-02-2025,15.47.33,97/82,85,14,36.5,P12345
28-02-2025,15.37.33,127/65,75,14,36.9,P12345
28-02-2025,15.27.33,111/84,96,17,36.3,P12345
28-02-2025,15.17.33,107/76,81,13,37.3,P12345
28-02-2025,15.07.33,101/65,88,14,36.2,P12345
28-02-2025,14.57.33,115/86,73,14,36,P12345
28-02-2025,14.47.33,97/78,87,19,36.8,P12345
28-02-2025,14.37.33,131/60,64,17,36.9,P12345
28-02-2025,14.27.33,118/72,89,17,36.9,P12345
28-02-2025,14.17.33,138/62,64,15,36.1,P12345
28-02-2025,14.07.33,129/73,71,17,36.5,P12345
28-02-2025,13.57.33,124/75,75,12,36.7,P12345
28-02-2025,13.47.33,134/79,85,13,36.3,P12345
28-02-2025,13.37.33,138/72,85,15,37.3,P12345
28-02-2025,13.27.33,127/76,80,12,36.1,P12345
28-02-2025,13.17.33,135/76,98,14,36.7,P12345
28-02-2025,13.07.33,97/70,95,19,37,P12345
28-02-2025,12.57.33,109/87,92,19,36.4,P12345
28-02-2025,12.47.33,122/85,89,14,36.9,P12345
28-02-2025,12.37.33,128/80,96,15,37.2,P12345
28-02-2025,12.27.33,138/89,82,17,36.3,P12345
28-02-2025,12.17.33,131/70,69,18,37.4,P12345
28-02-2025,12.07.33,130/68,64,19,36.8,P12345
28-02-2025,11.57.33,113/64,95,18,36.4,P12345
28-02-2025,11.47.33,138/68,93,14,36.6,P12345
28-02-2025,11.37.33,106/83,90,18,36.5,P12345
28-02-2025,11.27.33,110/78,69,16,37.1,P12345
28-02-2025,11.17.33,128/82,78,15,37.2,P12345
28-02-2025,11.07.33,130/66,91,12,37.2,P12345
28-02-2025,10.57.33,102/70,60,15,37.5,P12345
28-02-2025,10.47.33,135/78,64,13,37.2,P12345
28-02-2025,10.37.33,100/72,63,17,36.9,P12345
28-02-2025,10.27.33,135/72,75,17,36.5,P12345
28-02-2025,10.17.33,90/67,83,15,36.8,P12345
28-02-2025,10.07.33,133/78,75,14,36.1,P12345
28-02-2025,9.57.33,101/67,61,14,37.1,P12345
28-02-2025,9.47.33,97/88,87,16,36.7,P12345
28-02-2025,9.37.33,134/71,91,16,36,P12345
28-02-2025,9.27.33,137/60,86,17,36.1,P12345
28-02-2025,9.17.33,134/85,79,16,36.6,P12345
28-02-2025,9.07.33,128/87,83,19,36.9,P12345
28-02-2025,8.57.33,94/67,71,19,36.7,P12345
28-02-2025,8.47.33,114/86,94,12,36.9,P12345
28-02-2025,8.37.33,135/82,92,16,36.7,P12345
28-02-2025,8.27.33,119/72,92,12,37,P12345
28-02-2025,8.17.33,136/82,96,16,36.3,P12345
28-02-2025,8.07.33,138/74,71,17,36.2,P12345
28-02-2025,7.57.33,109/77,62,17,36.9,P12345
28-02-2025,7.47.33,107/61,60,12,36.7,P12345
28-02-2025,7.37.33,93/89,92,15,36,P12345
28-02-2025,7.27.33,122/63,99,17,36.6,P12345
28-02-2025,7.17.33,107/64,69,15,36.2,P12345
28-02-2025,7.07.33,108/74,88,14,36.8,P12345
28-02-2025,6.57.33,117/67,72,19,36.6,P12345
28-02-2025,6.47.33,109/76,71,12,36.9,P12345
28-02-2025,6.37.33,122/71,90,18,37.2,P12345
28-02-2025,6.27.33,104/68,61,17,36.4,P12345
28-02-2025,6.17.33,128/61,94,13,37.4,P12345
28-02-2025,6.07.33,118/68,82,14,36.8,P12345
28-02-2025,5.57.33,99/61,76,15,36.9,P12345
28-02-2025,5.47.33,100/72,85,17,37,P12345
28-02-2025,5.37.33,99/73,67,12,37,P12345
28-02-2025,5.27.33,107/78,88,18,36.8,P12345
28-02-2025,5.17.33,98/84,85,16,36.6,P12345
28-02-2025,5.07.33,128/87,69,18,36.1,P12345
28-02-2025,4.57.33,92/79,85,13,36,P12345
28-02-2025,4.47.33,95/86,93,15,36.5,P12345
28-02-2025,4.37.33,91/88,66,14,36.5,P12345
28-02-2025,4.27.33,127/62,63,18,36.6,P12345
28-02-2025,4.17.33,105/89,70,12,36.2,P12345
28-02-2025,4.07.33,129/61,88,13,37.1,P12345
28-02-2025,3.57.33,106/68,95,12,37.3,P12345
28-02-2025,3.47.33,101/62,84,17,37.4,P12345
28-02-2025,3.37.33,132/60,80,16,36.7,P12345
28-02-2025,3.27.33,134/74,95,14,37.1,P12345
28-02-2025,3.17.33,115/64,69,12,37.3,P12345
28-02-2025,3.07.33,110/89,96,15,36.6,P12345
28-02-2025,2.57.33,138/84,68,17,36.5,P12345
28-02-2025,2.47.33,112/83,83,17,37.4,P12345
28-02-2025,2.37.33,127/87,94,14,36.8,P12345
28-02-2025,2.27.33,110/81,94,17,36.7,P12345
28-02-2025,2.17.33,132/77,95,15,36.3,P12345
28-02-2025,2.07.33,125/62,77,12,36.2,P12345
28-02-2025,1.57.33,134/82,98,14,37.3,P12345
28-02-2025,1.47.33,98/80,91,19,36.9,P12345
28-02-2025,1.37.33,127/85,83,17,36.5,P12345
28-02-2025,1.27.33,119/87,82,17,36.3,P12345
28-02-2025,1.17.33,133/61,91,15,36.8,P12345
28-02-2025,1.07.33,121/62,96,16,36.9,P12345
28-02-2025,0.57.33,92/87,71,16,36.3,P12345
28-02-2025,0.47.33,133/74,72,18,37.3,P12345
28-02-2025,0.37.33,130/82,82,17,36.1,P12345
28-02-2025,0.27.33,129/70,84,19,36.5,P12345
28-02-2025,0.17.33,137/85,94,12,37,P12345
28-02-2025,0.07.33,125/87,89,14,36.4,P12345
27-02-2025,23.57.33,122/83,76,17,37.2,P12345
27-02-2025,23.47.33,128/61,79,13,37.1,P12345
27-02-2025,23.37.33,117/64,84,14,37.2,P12345
27-02-2025,23.27.33,96/63,81,18,36.2,P12345
27-02-2025,23.17.33,126/83,72,16,36.2,P12345
27-02-2025,23.07.33,90/60,78,19,36.4,P12345
27-02-2025,22.57.33,136/79,95,17,36.8,P12345
27-02-2025,22.47.33,108/88,71,15,37.1,P12345
27-02-2025,22.37.33,99/87,78,13,37.3,P12345
27-02-2025,22.27.33,107/87,71,17,37.1,P12345
27-02-2025,22.17.33,124/70,68,19,37.4,P12345
27-02-2025,22.07.33,136/86,66,18,37.1,P12345
27-02-2025,21.57.33,100/76,87,12,36.5,P12345
27-02-2025,21.47.33,138/65,73,13,36.4,P12345
27-02-2025,21.37.33,94/67,90,18,37,P12345
27-02-2025,21.27.33,123/75,78,17,36.3,P12345
27-02-2025,21.17.33,101/65,75,12,36.1,P12345
27-02-2025,21.07.33,90/63,64,13,36.8,P12345
27-02-2025,20.57.33,138/72,94,12,37.2,P12345
27-02-2025,20.47.33,139/64,71,12,36.2,P12345
27-02-2025,20.37.33,119/83,84,13,37.2,P12345
27-02-2025,20.27.33,113/86,80,13,37.2,P12345
27-02-2025,20.17.33,92/70,95,12,36.7,P12345
27-02-2025,20.07.33,134/63,82,18,36.1,P12345
27-02-2025,19.57.33,115/86,75,19,36.3,P12345
27-02-2025,19.47.33,135/81,98,16,37.1,P12345
27-02-2025,19.37.33,132/86,98,13,37.1,P12345
27-02-2025,19.27.33,131/78,73,17,37.3,P12345
27-02-2025,19.17.33,139/65,90,14,36.9,P12345
27-02-2025,19.07.33,104/80,64,15,36.2,P12345
27-02-2025,18.57.33,119/69,94,12,36.2,P12345
27-02-2025,18.47.33,126/85,82,12,37.1,P12345
27-02-2025,18.37.33,126/69,88,15,36.3,P12345
27-02-2025,18.27.33,126/62,70,16,36.5,P12345
27-02-2025,18.17.33,112/65,77,15,36.7,P12345
27-02-2025,18.07.33,93/77,71,13,36,P12345
27-02-2025,17.57.33,98/76,68,15,36.4,P12345
27-02-2025,17.47.33,118/72,69,12,36.6,P12345
27-02-2025,17.37.33,136/89,76,15,36.4,P12345
27-02-2025,17.27.33,106/72,97,14,36.2,P12345
27-02-2025,17.17.33,121/75,66,17,37.1,P12345
27-02-2025,17.07.33,111/63,72,13,37.2,P12345
27-02-2025,16.57.33,94/64,99,15,36.4,P12345
27-02-2025,16.47.33,130/76,68,12,37.2,P12345
27-02-2025,16.37.33,102/61,86,18,36.6,P12345
27-02-2025,16.27.33,134/81,61,17,36.8,P12345
27-02-2025,16.17.33,112/78,64,13,37.3,P12345
27-02-2025,16.07.33,92/69,88,12,37.1,P12345
27-02-2025,15.57.33,123/72,96,16,37.2,P12345
27-02-2025,15.47.33,138/80,97,14,36.2,P12345
27-02-2025,15.37.33,135/71,78,19,36.1,P12345
27-02-2025,15.27.33,110/71,67,16,37.3,P12345
27-02-2025,15.17.33,100/66,60,19,36.6,P12345
27-02-2025,15.07.33,93/78,81,14,36.4,P12345
27-02-2025,14.57.33,90/87,76,15,37.1,P12345
27-02-2025,14.47.33,113/88,66,13,37.3,P12345
27-02-2025,14.37.33,124/72,84,15,37.3,P12345
27-02-2025,14.27.33,136/61,63,14,36.5,P12345
27-02-2025,14.17.33,100/63,95,14,37.3,P12345
27-02-2025,14.07.33,106/62,65,14,36.1,P12345
27-02-2025,13.57.33,107/67,90,19,36.1,P12345
27-02-2025,13.47.33,111/84,78,17,36.9,P12345
27-02-2025,13.37.33,113/85,98,12,36.1,P12345
27-02-2025,13.27.33,108/64,86,13,36.5,P12345
27-02-2025,13.17.33,128/80,69,15,37,P12345
27-02-2025,13.07.33,97/87,85,15,36.5,P12345
27-02-2025,12.57.33,94/76,78,16,36.3,P12345
27-02-2025,12.47.33,126/63,98,19,36.4,P12345
27-02-2025,12.37.33,108/86,62,14,36.7,P12345
27-02-2025,12.27.33,123/70,72,18,36.7,P12345
27-02-2025,12.17.33,134/74,87,14,37.2,P12345
27-02-2025,12.07.33,101/81,79,14,37.1,P12345
27-02-2025,11.57.33,110/81,87,18,36.7,P12345
27-02-2025,11.47.33,100/66,67,15,37.3,P12345
27-02-2025,11.37.33,117/64,98,16,36.2,P12345
27-02-2025,11.27.33,106/83,60,12,36.4,P12345
27-02-2025,11.17.33,109/68,62,18,37.2,P12345
27-02-2025,11.07.33,135/85,72,19,36.6,P12345
27-02-2025,10.57.33,101/65,87,17,37.5,P12345
27-02-2025,10.47.33,106/78,84,13,36.7,P12345
27-02-2025,10.37.33,108/85,92,19,37.2,P12345
27-02-2025,10.27.33,137/71,97,18,36.6,P12345
27-02-2025,10.17.33,133/79,65,12,36.6,P12345
27-02-2025,10.07.33,121/65,91,15,36.6,P12345
27-02-2025,9.57.33,125/65,80,17,37.1,P12345
27-02-2025,9.47.33,100/60,75,17,36.8,P12345
27-02-2025,9.37.33,113/82,80,17,37.4,P12345
27-02-2025,9.27.33,104/86,70,14,36.4,P12345
27-02-2025,9.17.33,100/84,96,13,36.2,P12345
27-02-2025,9.07.33,139/76,95,15,36.6,P12345
27-02-2025,8.57.33,103/86,94,15,36.9,P12345
27-02-2025,8.47.33,107/87,78,17,37.3,P12345
27-02-2025,8.37.33,136/74,79,15,36.5,P12345
27-02-2025,8.27.33,93/66,77,13,37,P12345
27-02-2025,8.17.33,134/62,73,13,36.5,P12345
27-02-2025,8.07.33,137/68,74,16,36.9,P12345
27-02-2025,7.57.33,97/79,90,18,37.3,P12345
27-02-2025,7.47.33,134/76,60,18,36.3,P12345
27-02-2025,7.37.33,106/76,62,16,36.6,P12345
27-02-2025,7.27.33,122/67,75,12,37.5,P12345
27-02-2025,7.17.33,108/65,82,18,37.3,P12345
27-02-2025,7.07.33,92/86,70,13,36.8,P12345
27-02-2025,6.57.33,94/72,71,13,36.8,P12345
27-02-2025,6.47.33,136/73,69,18,36.4,P12345
27-02-2025,6.37.33,120/82,91,13,36.8,P12345
27-02-2025,6.27.33,105/77,75,16,37.3,P12345
27-02-2025,6.17.33,121/81,67,17,37,P12345
27-02-2025,6.07.33,118/81,97,17,36.4,P12345
27-02-2025,5.57.33,132/62,71,15,36.3,P12345
27-02-2025,5.47.33,99/69,83,19,36.4,P12345
27-02-2025,5.37.33,110/75,87,19,36.3,P12345
27-02-2025,5.27.33,101/61,67,17,36.1,P12345
27-02-2025,5.17.33,130/83,87,14,36.6,P12345
27-02-2025,5.07.33,124/83,95,16,36.2,P12345
27-02-2025,4.57.33,119/84,85,13,36.3,P12345
27-02-2025,4.47.33,119/74,67,18,36.8,P12345
27-02-2025,4.37.33,124/78,87,17,36.2,P12345
27-02-2025,4.27.33,139/67,87,16,36.1,P12345
27-02-2025,4.17.33,115/76,96,17,36.5,P12345
27-02-2025,4.07.33,129/66,95,12,36.3,P12345
27-02-2025,3.57.33,119/66,86,13,36.8,P12345
27-02-2025,3.47.33,92/60,76,12,36.2,P12345
27-02-2025,3.37.33,125/84,68,13,37.1,P12345
27-02-2025,3.27.33,126/60,92,16,37.4,P12345
27-02-2025,3.17.33,104/64,79,15,37.1,P12345
27-02-2025,3.07.33,102/67,72,17,36.8,P12345
27-02-2025,2.57.33,97/64,87,17,37.3,P12345
27-02-2025,2.47.33,98/60,88,14,37,P12345
27-02-2025,2.37.33,125/62,72,18,36,P12345
27-02-2025,2.27.33,91/67,94,12,36.6,P12345
27-02-2025,2.17.33,112/68,65,17,37.3,P12345
27-02-2025,2.07.33,123/73,77,16,36.5,P12345
27-02-2025,1.57.33,103/63,64,15,36.1,P12345
27-02-2025,1.47.33,119/65,84,18,37.1,P12345
27-02-2025,1.37.33,100/62,61,16,37.2,P12345
27-02-2025,1.27.33,97/62,69,12,36.2,P12345
27-02-2025,1.17.33,103/87,89,14,36.8,P12345
27-02-2025,1.07.33,102/72,64,17,36.3,P12345
27-02-2025,0.57.33,121/61,92,16,37.1,P12345
27-02-2025,0.47.33,134/88,60,18,36.4,P12345
27-02-2025,0.37.33,108/86,77,13,36.5,P12345
27-02-2025,0.27.33,127/75,91,15,37.3,P12345
27-02-2025,0.17.33,91/67,70,18,36.7,P12345
27-02-2025,0.07.33,106/82,80,16,37,P12345
26-02-2025,23.57.33,123/69,85,15,36.6,P12345
26-02-2025,23.47.33,105/65,84,17,36.4,P12345
26-02-2025,23.37.33,91/61,81,13,36.9,P12345
26-02-2025,23.27.33,115/72,86,14,36.2,P12345
26-02-2025,23.17.33,136/87,72,18,36.6,P12345
26-02-2025,23.07.33,123/66,92,14,36.3,P12345
26-02-2025,22.57.33,92/67,93,13,37,P12345
26-02-2025,22.47.33,112/73,94,15,37.4,P12345
26-02-2025,22.37.33,116/81,60,17,37.5,P12345
26-02-2025,22.27.33,118/66,80,16,36.7,P12345
26-02-2025,22.17.33,128/60,65,13,36.4,P12345
26-02-2025,22.07.33,106/68,87,12,36.7,P12345
26-02-2025,21.57.33,119/80,76,15,37.3,P12345
26-02-2025,21.47.33,102/80,64,14,36.3,P12345
26-02-2025,21.37.33,108/80,90,18,37.4,P12345
26-02-2025,21.27.33,108/84,64,13,36.5,P12345
26-02-2025,21.17.33,114/81,97,14,37.5,P12345
26-02-2025,21.07.33,120/76,62,15,37.3,P12345
26-02-2025,20.57.33,112/89,82,14,37.2,P12345
26-02-2025,20.47.33,99/69,96,13,36.5,P12345
26-02-2025,20.37.33,125/67,96,15,36,P12345
26-02-2025,20.27.33,109/77,69,12,36.6,P12345
26-02-2025,20.17.33,103/77,69,13,36.5,P12345
26-02-2025,20.07.33,117/73,78,16,36.1,P12345
26-02-2025,19.57.33,113/74,76,19,36.8,P12345
26-02-2025,19.47.33,111/89,80,17,36.6,P12345
26-02-2025,19.37.33,93/72,73,13,37,P12345
26-02-2025,19.27.33,112/67,68,15,36.9,P12345
26-02-2025,19.17.33,107/71,60,18,36.2,P12345
26-02-2025,19.07.33,120/73,72,17,37.5,P12345
26-02-2025,18.57.33,123/77,63,13,36.3,P12345
26-02-2025,18.47.33,123/70,60,12,36.7,P12345
26-02-2025,18.37.33,130/71,99,18,36.7,P12345
26-02-2025,18.27.33,138/74,91,12,37.2,P12345
26-02-2025,18.17.33,120/76,93,16,36.1,P12345
26-02-2025,18.07.33,118/85,87,18,36.6,P12345
26-02-2025,17.57.33,107/81,90,14,36.9,P12345
26-02-2025,17.47.33,127/76,67,19,36.3,P12345
26-02-2025,17.37.33,112/83,98,18,36.9,P12345
26-02-2025,17.27.33,139/67,85,17,37.4,P12345
26-02-2025,17.17.33,130/65,93,18,37.5,P12345
26-02-2025,17.07.33,94/71,62,15,36,P12345
26-02-2025,16.57.33,118/87,71,19,36.4,P12345
26-02-2025,16.47.33,100/84,60,15,36.5,P12345
26-02-2025,16.37.33,90/70,64,14,36.6,P12345
26-02-2025,16.27.33,108/68,89,18,36.4,P12345
26-02-2025,16.17.33,116/61,89,12,36.3,P12345
26-02-2025,16.07.33,133/63,76,12,37.4,P12345
26-02-2025,15.57.33,125/77,82,13,37.4,P12345
26-02-2025,15.47.33,104/78,74,16,36.1,P12345
26-02-2025,15.37.33,102/78,96,17,36.5,P12345
26-02-2025,15.27.33,138/65,80,19,36.6,P12345
26-02-2025,15.17.33,137/83,73,16,36.4,P12345
26-02-2025,15.07.33,101/78,61,18,36.9,P12345
26-02-2025,14.57.33,126/76,70,16,37,P12345
26-02-2025,14.47.33,112/85,98,13,37.3,P12345
26-02-2025,14.37.33,118/60,97,16,37.1,P12345
26-02-2025,14.27.33,116/84,93,19,36.8,P12345
26-02-2025,14.17.33,99/74,97,14,37,P12345
26-02-2025,14.07.33,112/80,93,13,36.4,P12345
26-02-2025,13.57.33,110/70,77,14,36.9,P12345
26-02-2025,13.47.33,102/64,89,18,36.7,P12345
26-02-2025,13.37.33,122/83,74,13,36.2,P12345
26-02-2025,13.27.33,133/70,86,18,36.4,P12345
26-02-2025,13.17.33,106/63,93,18,36.4,P12345
26-02-2025,13.07.33,136/84,97,16,37.4,P12345
26-02-2025,12.57.33,119/68,92,14,36.3,P12345
26-02-2025,12.47.33,110/79,83,18,36.4,P12345
26-02-2025,12.37.33,108/78,74,14,36.6,P12345
26-02-2025,12.27.33,101/64,89,14,37,P12345
26-02-2025,12.17.33,131/76,76,13,36.2,P12345
26-02-2025,12.07.33,126/81,64,15,37.4,P12345
26-02-2025,11.57.33,137/66,88,16,37.3,P12345
26-02-2025,11.47.33,117/68,63,18,36.9,P12345
26-02-2025,11.37.33,124/74,69,14,37,P12345
26-02-2025,11.27.33,137/77,76,17,36,P12345
26-02-2025,11.17.33,103/62,69,15,36.5,P12345
26-02-2025,11.07.33,133/68,76,18,37.2,P12345
26-02-2025,10.57.33,96/68,79,17,36.1,P12345
26-02-2025,10.47.33,102/77,83,16,36.4,P12345
26-02-2025,10.37.33,126/72,64,16,36.9,P12345
26-02-2025,10.27.33,125/61,93,14,36.4,P12345
26-02-2025,10.17.33,105/68,65,14,37.4,P12345
26-02-2025,10.07.33,98/65,61,19,36.2,P12345
26-02-2025,9.57.33,100/81,72,19,37.2,P12345
26-02-2025,9.47.33,111/60,70,18,36.8,P12345
26-02-2025,9.37.33,125/72,82,13,37.1,P12345
26-02-2025,9.27.33,112/72,75,15,36.5,P12345
26-02-2025,9.17.33,134/61,90,18,36.8,P12345
26-02-2025,9.07.33,98/83,70,15,37.3,P12345
26-02-2025,8.57.33,97/66,75,14,36.7,P12345
26-02-2025,8.47.33,125/77,67,16,36.5,P12345
26-02-2025,8.37.33,92/87,63,14,36.8,P12345
26-02-2025,8.27.33,95/71,99,16,37.1,P12345
26-02-2025,8.17.33,133/80,63,19,36.7,P12345
26-02-2025,8.07.33,117/67,84,18,37.4,P12345
26-02-2025,7.57.33,90/63,62,19,36.4,P12345
26-02-2025,7.47.33,110/87,91,16,36.7,P12345
26-02-2025,7.37.33,132/62,62,14,37.1,P12345
26-02-2025,7.27.33,102/84,86,19,37,P12345
26-02-2025,7.17.33,138/81,88,12,37.3,P12345
26-02-2025,7.07.33,99/80,91,15,37.5,P12345
26-02-2025,6.57.33,133/74,78,17,36.6,P12345
26-02-2025,6.47.33,99/73,80,16,36.2,P12345
26-02-2025,6.37.33,102/64,64,16,36,P12345
26-02-2025,6.27.33,127/83,77,12,37.1,P12345
26-02-2025,6.17.33,91/81,87,18,37.3,P12345
26-02-2025,6.07.33,106/63,81,18,36.3,P12345
26-02-2025,5.57.33,103/69,80,18,36.2,P12345
26-02-2025,5.47.33,124/84,65,17,36.1,P12345
26-02-2025,5.37.33,92/74,60,13,37.2,P12345
26-02-2025,5.27.33,127/76,64,12,36.5,P12345
26-02-2025,5.17.33,101/81,71,17,36.6,P12345
26-02-2025,5.07.33,113/88,85,19,36.8,P12345
26-02-2025,4.57.33,132/84,93,12,37.3,P12345
26-02-2025,4.47.33,125/85,73,16,37,P12345
26-02-2025,4.37.33,115/65,85,15,36.9,P12345
26-02-2025,4.27.33,90/79,86,12,36.3,P12345
26-02-2025,4.17.33,117/75,68,13,36.8,P12345
26-02-2025,4.07.33,136/76,85,14,37.1,P12345
26-02-2025,3.57.33,129/87,81,19,37.5,P12345
26-02-2025,3.47.33,101/86,89,17,36.3,P12345
26-02-2025,3.37.33,131/86,76,19,36,P12345
26-02-2025,3.27.33,136/89,85,19,36.1,P12345
26-02-2025,3.17.33,130/61,95,12,36.6,P12345
26-02-2025,3.07.33,126/65,60,12,37.2,P12345
26-02-2025,2.57.33,96/80,67,13,36,P12345
26-02-2025,2.47.33,114/60,94,15,36.7,P12345
26-02-2025,2.37.33,96/79,74,12,36.5,P12345
26-02-2025,2.27.33,101/75,81,12,36.1,P12345
26-02-2025,2.17.33,105/70,73,15,36.7,P12345
26-02-2025,2.07.33,125/72,85,13,36.4,P12345
26-02-2025,1.57.33,96/63,87,17,36.5,P12345
26-02-2025,1.47.33,136/78,82,19,37.1,P12345
26-02-2025,1.37.33,98/70,73,17,36.8,P12345
26-02-2025,1.27.33,97/60,83,12,36.2,P12345
26-02-2025,1.17.33,112/84,61,15,37.4,P12345
26-02-2025,1.07.33,97/72,85,12,37,P12345
26-02-2025,0.57.33,111/86,73,18,37.1,P12345
26-02-2025,0.47.33,93/67,66,14,36.1,P12345
26-02-2025,0.37.33,92/88,62,17,36.1,P12345
26-02-2025,0.27.33,130/88,82,18,36,P12345
26-02-2025,0.17.33,123/61,77,16,36.3,P12345
26-02-2025,0.07.33,117/72,97,14,36.6,P12345
25-02-2025,23.57.33,104/87,94,12,37.4,P12345
25-02-2025,23.47.33,112/71,74,13,36.7,P12345
25-02-2025,23.37.33,115/63,84,17,36.4,P12345
25-02-2025,23.27.33,115/67,96,16,36.8,P12345
25-02-2025,23.17.33,98/82,87,14,36.2,P12345
25-02-2025,23.07.33,94/83,69,17,36.9,P12345
25-02-2025,22.57.33,121/79,98,15,36.9,P12345
25-02-2025,22.47.33,139/70,76,13,37.2,P12345
25-02-2025,22.37.33,104/87,98,14,37.5,P12345
25-02-2025,22.27.33,111/68,81,15,36.4,P12345
25-02-2025,22.17.33,106/86,85,18,36.8,P12345
25-02-2025,22.07.33,115/71,84,12,37.4,P12345
25-02-2025,21.57.33,96/69,76,15,37.2,P12345
25-02-2025,21.47.33,115/84,72,14,36.7,P12345
25-02-2025,21.37.33,99/86,79,19,37.4,P12345
25-02-2025,21.27.33,134/78,84,14,36.1,P12345
25-02-2025,21.17.33,100/72,63,19,37.4,P12345
25-02-2025,21.07.33,97/67,69,18,36.1,P12345
25-02-2025,20.57.33,93/74,62,12,36.8,P12345
25-02-2025,20.47.33,120/87,77,19,37.3,P12345
25-02-2025,20.37.33,100/70,95,19,36.4,P12345
25-02-2025,20.27.33,90/76,81,15,36.7,P12345
25-02-2025,20.17.33,136/79,93,15,36.5,P12345
25-02-2025,20.07.33,127/83,67,12,37.4,P12345
25-02-2025,19.57.33,136/68,99,15,37.2,P12345
25-02-2025,19.47.33,135/77,78,17,37.1,P12345
25-02-2025,19.37.33,115/76,96,12,36.9,P12345
25-02-2025,19.27.33,139/64,65,13,37.2,P12345
25-02-2025,19.17.33,109/79,85,19,36.6,P12345
25-02-2025,19.07.33,130/70,93,14,36.7,P12345
25-02-2025,18.57.33,122/77,65,13,37.1,P12345
25-02-2025,18.47.33,127/86,96,19,36.5,P12345
25-02-2025,18.37.33,123/74,92,17,36.1,P12345
25-02-2025,18.27.33,121/88,81,19,36.1,P12345
25-02-2025,18.17.33,110/73,80,19,36.2,P12345
25-02-2025,18.07.33,94/65,65,19,37.3,P12345
25-02-2025,17.57.33,127/89,65,18,36.7,P12345
25-02-2025,17.47.33,111/89,63,17,37.1,P12345
25-02-2025,17.37.33,107/73,89,16,36.6,P12345
25-02-2025,17.27.33,99/73,70,16,36.4,P12345
25-02-2025,17.17.33,102/89,89,16,36.5,P12345
25-02-2025,17.07.33,92/89,90,12,37.2,P12345
25-02-2025,16.57.33,95/88,83,15,36.9,P12345
25-02-2025,16.47.33,97/71,68,17,37.4,P12345
25-02-2025,16.37.33,134/70,62,13,37,P12345
25-02-2025,16.27.33,133/60,90,18,36.9,P12345
25-02-2025,16.17.33,106/75,99,13,36.9,P12345
25-02-2025,16.07.33,100/72,96,13,37.4,P12345
25-02-2025,15.57.33,139/70,95,13,37.2,P12345
25-02-2025,15.47.33,120/87,83,18,36,P12345
25-02-2025,15.37.33,133/65,90,16,36.8,P12345
25-02-2025,15.27.33,130/75,65,13,37,P12345
25-02-2025,15.17.33,93/62,61,18,37.1,P12345
25-02-2025,15.07.33,137/83,79,18,36.3,P12345
25-02-2025,14.57.33,115/89,87,15,37.3,P12345
25-02-2025,14.47.33,101/70,70,18,37.4,P12345
25-02-2025,14.37.33,126/84,63,16,36.4,P12345
25-02-2025,14.27.33,107/78,74,13,37.3,P12345
25-02-2025,14.17.33,112/82,65,18,36.1,P12345
25-02-2025,14.07.33,127/81,89,12,36.1,P12345
25-02-2025,13.57.33,107/85,97,18,36.2,P12345
25-02-2025,13.47.33,95/63,61,14,36.1,P12345
25-02-2025,13.37.33,133/78,74,14,37.3,P12345
25-02-2025,13.27.33,118/86,70,14,36.1,P12345
25-02-2025,13.17.33,123/76,67,18,36.4,P12345
25-02-2025,13.07.33,132/70,85,16,36.2,P12345
25-02-2025,12.57.33,105/61,64,13,36.4,P12345
25-02-2025,12.47.33,123/82,65,17,36.1,P12345
25-02-2025,12.37.33,97/72,85,17,37,P12345
25-02-2025,12.27.33,131/67,63,17,36.2,P12345
25-02-2025,12.17.33,119/63,78,16,37.3,P12345
25-02-2025,12.07.33,136/89,79,15,37.2,P12345
25-02-2025,11.57.33,90/70,92,19,36,P12345
25-02-2025,11.47.33,128/76,79,12,37.3,P12345
25-02-2025,11.37.33,109/83,71,12,36,P12345
25-02-2025,11.27.33,139/81,60,14,36.4,P12345
25-02-2025,11.17.33,118/81,85,14,36,P12345
25-02-2025,11.07.33,133/68,73,18,36.5,P12345
25-02-2025,10.57.33,126/69,97,17,36.8,P12345
25-02-2025,10.47.33,125/64,96,18,37.2,P12345
25-02-2025,10.37.33,117/87,70,19,36.5,P12345
25-02-2025,10.27.33,131/70,95,17,37.1,P12345
25-02-2025,10.17.33,110/83,72,14,36.3,P12345
25-02-2025,10.07.33,131/87,62,13,37.1,P12345
25-02-2025,9.57.33,129/61,92,15,36.4,P12345
25-02-2025,9.47.33,97/75,65,18,36.2,P12345
25-02-2025,9.37.33,116/81,69,15,36.3,P12345
25-02-2025,9.27.33,126/86,64,15,36.3,P12345
25-02-2025,9.17.33,118/62,82,15,36.8,P12345
25-02-2025,9.07.33,133/72,69,14,37.3,P12345
25-02-2025,8.57.33,134/69,61,12,36.1,P12345
25-02-2025,8.47.33,125/68,72,14,37.1,P12345
25-02-2025,8.37.33,116/61,99,15,37,P12345
25-02-2025,8.27.33,90/84,61,14,37.3,P12345
25-02-2025,8.17.33,118/66,79,15,36.4,P12345
25-02-2025,8.07.33,138/62,60,16,36.7,P12345
25-02-2025,7.57.33,109/79,96,17,37.4,P12345
25-02-2025,7.47.33,119/62,68,12,37,P12345
25-02-2025,7.37.33,124/76,76,16,36.6,P12345
25-02-2025,7.27.33,128/86,68,13,36.2,P12345
25-02-2025,7.17.33,115/73,70,14,36.4,P12345
25-02-2025,7.07.33,106/77,74,13,36.9,P12345
25-02-2025,6.57.33,134/79,83,18,37.1,P12345
25-02-2025,6.47.33,118/79,97,14,36.2,P12345
25-02-2025,6.37.33,116/77,94,19,36.9,P12345
25-02-2025,6.27.33,93/60,89,19,36.8,P12345
25-02-2025,6.17.33,139/60,90,17,36.8,P12345
25-02-2025,6.07.33,115/72,64,16,37,P12345
25-02-2025,5.57.33,109/79,73,17,37.3,P12345
25-02-2025,5.47.33,112/69,70,18,36.5,P12345
25-02-2025,5.37.33,100/68,68,15,37.3,P12345
25-02-2025,5.27.33,130/64,93,17,36.2,P12345
25-02-2025,5.17.33,90/76,71,17,36.3,P12345
25-02-2025,5.07.33,111/61,94,19,36.4,P12345
25-02-2025,4.57.33,134/68,94,15,36.2,P12345
25-02-2025,4.47.33,118/63,60,19,36.3,P12345
25-02-2025,4.37.33,94/70,99,14,36.2,P12345
25-02-2025,4.27.33,110/62,81,15,37.2,P12345
25-02-2025,4.17.33,101/85,88,16,36.2,P12345
25-02-2025,4.07.33,108/72,67,17,37.1,P12345
25-02-2025,3.57.33,96/74,70,19,36.1,P12345
25-02-2025,3.47.33,96/85,96,15,37.4,P12345
25-02-2025,3.37.33,129/64,73,18,37.1,P12345
25-02-2025,3.27.33,110/73,89,18,36,P12345
25-02-2025,3.17.33,93/82,94,17,37.1,P12345
25-02-2025,3.07.33,131/79,80,16,36.8,P12345
25-02-2025,2.57.33,104/77,96,13,37.2,P12345
25-02-2025,2.47.33,134/88,64,19,36.8,P12345
25-02-2025,2.37.33,97/68,78,16,37,P12345
25-02-2025,2.27.33,137/78,73,12,37.2,P12345
25-02-2025,2.17.33,137/66,85,12,36.6,P12345
25-02-2025,2.07.33,135/87,63,12,36,P12345
25-02-2025,1.57.33,135/84,84,17,37.3,P12345
25-02-2025,1.47.33,116/63,84,18,36.6,P12345
25-02-2025,1.37.33,104/62,77,14,36.7,P12345
25-02-2025,1.27.33,126/60,99,19,36,P12345
25-02-2025,1.17.33,92/74,67,18,36.7,P12345
25-02-2025,1.07.33,113/86,98,14,37.5,P12345
25-02-2025,0.57.33,129/88,99,14,36.4,P12345
25-02-2025,0.47.33,125/61,73,18,36.6,P12345
25-02-2025,0.37.33,118/83,91,19,37,P12345
25-02-2025,0.27.33,113/69,97,17,37.2,P12345
25-02-2025,0.17.33,93/62,92,16,36.6,P12345
25-02-2025,0.07.33,123/84,82,14,36.5,P12345
24-02-2025,23.57.33,138/82,74,13,37.4,P12345
24-02-2025,23.47.33,112/72,92,18,37,P12345
24-02-2025,23.37.33,94/89,84,18,36.2,P12345
24-02-2025,23.27.33,130/84,76,12,36.1,P12345
24-02-2025,23.17.33,95/64,92,16,36.7,P12345
24-02-2025,23.07.33,99/67,61,12,36.3,P12345
24-02-2025,22.57.33,96/66,73,18,36.4,P12345
24-02-2025,22.47.33,127/80,99,18,37.3,P12345
24-02-2025,22.37.33,109/62,99,14,36.1,P12345
24-02-2025,22.27.33,111/74,98,16,37.1,P12345
24-02-2025,22.17.33,93/87,65,15,36.4,P12345
24-02-2025,22.07.33,101/65,65,13,37.1,P12345
24-02-2025,21.57.33,125/74,62,19,37.1,P12345
24-02-2025,21.47.33,130/64,66,14,36,P12345
24-02-2025,21.37.33,102/82,67,18,36.8,P12345
24-02-2025,21.27.33,139/89,74,19,36.2,P12345
24-02-2025,21.17.33,126/84,88,14,37.3,P12345
24-02-2025,21.07.33,137/86,92,13,37.3,P12345
24-02-2025,20.57.33,103/84,89,18,36.6,P12345
24-02-2025,20.47.33,137/86,98,13,36.7,P12345
24-02-2025,20.37.33,136/81,86,19,36.5,P12345
24-02-2025,20.27.33,125/66,95,15,37.1,P12345
24-02-2025,20.17.33,105/83,88,14,36.5,P12345
24-02-2025,20.07.33,111/80,97,17,36.4,P12345
24-02-2025,19.57.33,110/67,92,14,36.6,P12345
24-02-2025,19.47.33,138/75,96,12,36.1,P12345
24-02-2025,19.37.33,120/69,86,16,37.1,P12345
24-02-2025,19.27.33,99/86,92,16,36,P12345
24-02-2025,19.17.33,123/89,63,12,37,P12345
24-02-2025,19.07.33,98/76,81,18,36.3,P12345
24-02-2025,18.57.33,100/69,61,16,36.3,P12345
24-02-2025,18.47.33,111/84,69,13,37,P12345
24-02-2025,18.37.33,106/63,64,19,37.5,P12345
24-02-2025,18.27.33,137/79,69,19,37.2,P12345
24-02-2025,18.17.33,136/84,92,16,36.3,P12345
24-02-2025,18.07.33,110/64,97,16,36.3,P12345
24-02-2025,17.57.33,127/76,72,12,37.3,P12345
24-02-2025,17.47.33,90/84,90,18,36.7,P12345
24-02-2025,17.37.33,125/76,95,15,36.2,P12345
24-02-2025,17.27.33,130/83,83,16,37.3,P12345
24-02-2025,17.17.33,91/67,74,17,37.2,P12345
24-02-2025,17.07.33,104/66,88,16,37.5,P12345
24-02-2025,16.57.33,95/60,67,15,37.4,P12345
24-02-2025,16.47.33,136/82,64,12,37.3,P12345
24-02-2025,16.37.33,128/88,88,15,36.1,P12345
24-02-2025,16.27.33,106/61,63,12,36.2,P12345
24-02-2025,16.17.33,130/88,71,13,36.9,P12345
24-02-2025,16.07.33,98/72,61,12,36.8,P12345
24-02-2025,15.57.33,95/65,86,13,36.7,P12345
24-02-2025,15.47.33,109/79,90,13,36.6,P12345
24-02-2025,15.37.33,92/76,95,12,36.6,P12345
24-02-2025,15.27.33,138/71,95,17,36.9,P12345
24-02-2025,15.17.33,137/74,85,14,36,P12345
24-02-2025,15.07.33,134/82,86,12,36.4,P12345
24-02-2025,14.57.33,90/76,64,16,36.8,P12345
24-02-2025,14.47.33,92/85,79,17,37.1,P12345
24-02-2025,14.37.33,104/63,70,17,36.3,P12345
24-02-2025,14.27.33,121/63,69,16,36.8,P12345
24-02-2025,14.17.33,107/76,99,14,37.1,P12345
24-02-2025,14.07.33,108/70,97,17,36.7,P12345
24-02-2025,13.57.33,124/67,65,13,36,P12345
24-02-2025,13.47.33,103/85,67,19,36.7,P12345
24-02-2025,13.37.33,122/73,82,14,36.4,P12345
24-02-2025,13.27.33,123/88,85,18,37.4,P12345
24-02-2025,13.17.33,93/83,71,16,36.2,P12345
24-02-2025,13.07.33,118/78,85,14,37,P12345
24-02-2025,12.57.33,95/84,72,12,36.1,P12345
24-02-2025,12.47.33,122/76,99,19,36.7,P12345
24-02-2025,12.37.33,129/78,77,14,36.8,P12345
24-02-2025,12.27.33,90/64,84,13,36.4,P12345
24-02-2025,12.17.33,116/75,92,19,36.7,P12345
24-02-2025,12.07.33,95/67,99,12,36.2,P12345
24-02-2025,11.57.33,102/75,71,15,36.5,P12345
24-02-2025,11.47.33,124/78,95,16,36.9,P12345
24-02-2025,11.37.33,101/75,63,19,36.5,P12345
24-02-2025,11.27.33,132/69,64,16,37.3,P12345
24-02-2025,11.17.33,114/79,96,14,36.9,P12345
24-02-2025,11.07.33,120/63,67,17,36.7,P12345
24-02-2025,10.57.33,133/82,87,12,36.1,P12345
24-02-2025,10.47.33,91/83,90,15,36.7,P12345
24-02-2025,10.37.33,111/78,68,12,37.1,P12345
24-02-2025,10.27.33,126/67,88,16,36.4,P12345
24-02-2025,10.17.33,96/73,73,12,37.2,P12345
24-02-2025,10.07.33,92/77,99,15,36.4,P12345
24-02-2025,9.57.33,105/82,81,17,37.2,P12345
24-02-2025,9.47.33,108/78,70,14,36.1,P12345
24-02-2025,9.37.33,107/79,82,13,37.3,P12345
24-02-2025,9.27.33,105/67,60,12,36.7,P12345
24-02-2025,9.17.33,122/76,96,19,36.4,P12345
24-02-2025,9.07.33,101/89,80,13,36.4,P12345
